{"data_part_1.csv": 1728505958.6894956, "data_part_4.csv": 1728505958.699023, "data_part_5.csv": 1728505958.7025962, "data_part_2.csv": 1728426397.7488248, "data_part_3.csv": 1728426397.7525547, "data_part_17.csv": 1726923253.551159, "data_part_16.csv": 1726923253.5508285, "data_part_14.csv": 1726923253.55015, "data_part_28.csv": 1726923253.5548706, "data_part_29.csv": 1726923253.5555422, "data_part_15.csv": 1726923253.5504854, "data_part_39.csv": 1726923253.5595798, "data_part_11.csv": 1726923253.5490923, "data_part_10.csv": 1728509679.6572025, "data_part_38.csv": 1726923253.5591958, "data_part_12.csv": 1726923253.549453, "data_part_13.csv": 1726923253.5498056, "data_part_48.csv": 1726923253.562816, "data_part_49.csv": 1726923253.5631006, "data_part_8.csv": 1728509679.6505399, "data_part_9.csv": 1728510011.8943543, "data_part_7.csv": 1728505958.7080796, "data_part_41.csv": 1726923253.5605085, "data_part_40.csv": 1726923253.5601177, "data_part_6.csv": 1728505958.7054348, "data_part_42.csv": 1726923253.5608697, "data_part_43.csv": 1726923253.561224, "data_part_47.csv": 1726923253.562513, "data_part_46.csv": 1726923253.5622115, "data_part_44.csv": 1726923253.5615678, "data_part_50.csv": 1726923253.5632846, "data_part_45.csv": 1726923253.5618966, "data_part_22.csv": 1726923253.552889, "data_part_36.csv": 1726923253.5584905, "data_part_37.csv": 1726923253.558855, "data_part_23.csv": 1726923253.5531912, "data_part_35.csv": 1726923253.558125, "data_part_21.csv": 1726923253.552576, "data_part_20.csv": 1726923253.552259, "data_part_34.csv": 1726923253.557726, "data_part_18.csv": 1726923253.551601, "data_part_30.csv": 1726923253.5561323, "data_part_24.csv": 1726923253.5535033, "data_part_25.csv": 1726923253.5538802, "data_part_31.csv": 1726923253.5565462, "data_part_19.csv": 1726923253.5519354, "data_part_27.csv": 1726923253.554552, "data_part_33.csv": 1726923253.5572371, "data_part_32.csv": 1726923253.556917, "data_part_26.csv": 1726923253.5542252, "data_part_451.csv": 1726923474.2345667, "validated_data.csv": 1728226521.1230035, "good_data_part_9.csv": 1728707924.8158498, "good_data_part_10.csv": 1728708020.9282389, "good_data_part_8.csv": 1728708082.392884, "good_data_part_7.csv": 1728707924.8251536, "good_data_part_4.csv": 1728707924.8423502, "good_data_part_5.csv": 1728707924.8513618, "good_data_part_6.csv": 1728707924.833897, "good_data_part_2.csv": 1728707924.8687987, "good_data_part_3.csv": 1728707924.8770666, "good_data_part_1.csv": 1728707924.8601494}